trade_date,decision_time,entry_time,benchmark,leader,laggard,members,leader_return,laggard_return,leader_laggard_gap,conditional_lower_tail,frozen_rho,candidate_gross_return,peer_control_gross_return,paired_gross_edge
2026-03-23,2026-03-23T10:00:00+08:00,2026-03-23T10:05:00+08:00,N225,513880,513520,"['513520', '513880', '513000']",0.0047904289928419885,-0.0027367242318553364,0.007527153224697325,9.482951155936892e-06,0.7662782614982533,-0.007119393001435381,-0.00807604952784835,0.0009566565264129689
2026-03-23,2026-03-23T14:00:00+08:00,2026-03-23T14:05:00+08:00,NDX,513100,513110,"['513100', '513300', '513110', '513390', '513870']",0.0023866041192499576,-0.0020997105310551767,0.004486314650305134,0.00019662418895644018,0.6197634628178796,-0.0026288093385877787,-0.0022206963849952244,-0.0004081129535925543
2026-03-23,2026-03-23T14:00:00+08:00,2026-03-23T14:05:00+08:00,N225,513520,513000,"['513520', '513880', '513000']",0.0022284500314826428,-0.0005642931975423648,0.0027927432290250076,0.038244804769381024,0.7705098530674507,-0.003387940072259288,-0.0002506843262196079,-0.00313725574603968
2026-03-26,2026-03-26T14:00:00+08:00,2026-03-26T14:05:00+08:00,931573,513560,513020,"['513980', '513020', '513860', '513150', '513560']",0.0025596430393932668,0.001014185724083072,0.0015454573153101947,0.03200200569358025,0.9252861123852076,-0.001016307624409074,-0.000792382847350781,-0.00022392477705829306
2026-03-30,2026-03-30T14:00:00+08:00,2026-03-30T14:05:00+08:00,N225,513520,513000,"['513520', '513880', '513000']",0.002771615951286499,-0.0016648284709351868,0.004436444422221686,0.0012480429039627428,0.7705098530674507,0.0066852836825854745,0.00802196055811677,-0.0013366768755312952
2026-04-01,2026-04-01T14:00:00+08:00,2026-04-01T14:05:00+08:00,N225,513000,513520,"['513520', '513880', '513000']",0.0021435950594714814,-0.0005353569131175684,0.00267895197258905,0.04631703118126035,0.7705098530674507,0.009090887648304902,0.0110758491080869,-0.0019849614597819976
2026-04-02,2026-04-02T13:30:00+08:00,2026-04-02T13:35:00+08:00,931637,513770,520650,"['513040', '513770', '520650']",0.004878058708685629,0.0,0.004878058708685629,0.02356226133396022,0.8088986901819207,0.0,0.0016727550263845314,-0.0016727550263845314
2026-04-03,2026-04-03T10:00:00+08:00,2026-04-03T10:05:00+08:00,931637,520650,513770,"['513040', '513770', '520650']",0.005697932160406705,-0.00241549979897826,0.008113431959384965,9.994478122682393e-05,0.8088986901819207,-0.00241549979897826,0.001872205472170596,-0.004287705271148856
2026-04-03,2026-04-03T10:30:00+08:00,2026-04-03T10:35:00+08:00,HSTECH,513180,513130,"['513130', '513180', '513010', '513260', '513380']",0.003327744116967013,-0.0016891674197794249,0.005016911536746438,0.00033543372355027135,0.8487839138430222,-0.0016921263880645965,-0.00043179910908042185,-0.0012603272789841746
2026-04-03,2026-04-03T10:30:00+08:00,2026-04-03T10:35:00+08:00,931573,513150,513020,"['513980', '513020', '513860', '513150', '513560']",0.0030180697413908497,0.0,0.0030180697413908497,0.0009630743765191019,0.9290334894761685,0.0,-0.00129564215477862,0.00129564215477862
2026-04-03,2026-04-03T13:30:00+08:00,2026-04-03T13:35:00+08:00,HSSCPB,520690,520880,"['520880', '520690']",0.003484344919687077,0.0,0.003484344919687077,0.025146743864524757,0.8681019665293025,-0.0018761484797572558,-0.001157461463080156,-0.0007186870166770998
2026-04-03,2026-04-03T14:00:00+08:00,2026-04-03T14:05:00+08:00,931239,520600,520720,"['520600', '520720']",0.003132394570254604,0.0,0.003132394570254604,0.015617702677945877,0.8812866245184646,0.0,0.0,0.0
2026-04-07,2026-04-07T10:30:00+08:00,2026-04-07T10:35:00+08:00,931637,520650,513770,"['513040', '513770', '520650']",0.0028408725307251803,-0.00241549979897826,0.00525637232970344,0.0022955643443225426,0.8088986901819207,-0.00241549979897826,0.0007092107440207496,-0.0031247105429990096
2026-04-07,2026-04-07T13:30:00+08:00,2026-04-07T13:35:00+08:00,HSSCT,513160,520980,"['520980', '513160']",0.0021367883310405844,-0.0011736938117785645,0.003310482142819149,0.00836541444512745,0.9348795368016751,0.0,0.0010672857577147532,-0.0010672857577147532
2026-04-08,2026-04-08T10:00:00+08:00,2026-04-08T10:05:00+08:00,N225,513520,513000,"['513520', '513880', '513000']",0.009808948807950246,-0.003081685608310236,0.012890634416260482,1.1303590841116318e-09,0.7705098530674507,-0.003602660643417299,-0.0016648284709351868,-0.0019378321724821124
2026-04-09,2026-04-09T13:30:00+08:00,2026-04-09T13:35:00+08:00,N225,513520,513880,"['513520', '513880', '513000']",0.002073586552648443,-0.000559310255579204,0.002632896808227647,0.015061716173166428,0.7662782614982533,-0.0022346081490672853,-0.0018071814840225353,-0.00042742666504475
2026-04-10,2026-04-10T13:30:00+08:00,2026-04-10T13:35:00+08:00,HSSCPB,520880,520690,"['520880', '520690']",0.0038313681880428607,0.0,0.0038313681880428607,0.022106972305657613,0.8681019665293026,0.0,0.0,0.0
2026-04-14,2026-04-14T14:00:00+08:00,2026-04-14T14:05:00+08:00,931573,513860,513980,"['513980', '513020', '513860', '513150', '513560']",0.0031201777538905073,0.0,0.0031201777538905073,0.029251097973463813,0.865904918993439,0.0015479676201011205,0.0036335053932073924,-0.002085537773106272
2026-04-15,2026-04-15T14:00:00+08:00,2026-04-15T14:05:00+08:00,HSTECH,513180,513130,"['513130', '513180', '513010', '513260', '513380']",0.0031846722674782058,0.0,0.0031846722674782058,0.028070331916940083,0.8487839138430222,0.0016207247190804797,-0.0012098594498066717,0.0028305841688871514
2026-04-16,2026-04-16T10:00:00+08:00,2026-04-16T10:05:00+08:00,931573,513020,513860,"['513980', '513020', '513860', '513150', '513560']",0.0028929808600679507,0.0,0.0028929808600679507,0.011360969072767124,0.9004701677545044,0.0030029643018301133,0.0035425218769850053,-0.000539557575154892
2026-04-16,2026-04-16T14:00:00+08:00,2026-04-16T14:05:00+08:00,HSTECH,513260,513010,"['513130', '513180', '513010', '513260', '513380']",0.0024173260560276244,-0.0015014821509150567,0.003918808206942681,0.0006773106722879341,0.87342236057613,0.004504535949207522,0.003113028445262178,0.001391507503945344
2026-04-17,2026-04-17T10:30:00+08:00,2026-04-17T10:35:00+08:00,931573,513560,513860,"['513980', '513020', '513860', '513150', '513560']",0.003236300889276178,0.0014992310822050658,0.0017370698070711121,0.04840371998474152,0.9068930781737812,-0.007473923191800957,-0.005717339797714827,-0.0017565833940861308
2026-04-17,2026-04-17T13:30:00+08:00,2026-04-17T13:35:00+08:00,931637,520650,513770,"['513040', '513770', '520650']",0.00405400180747062,0.0,0.00405400180747062,0.03755462733616782,0.8088986901819207,0.0022831437041470615,0.00305784259765407,-0.0007746988935070087
2026-04-17,2026-04-17T14:00:00+08:00,2026-04-17T14:05:00+08:00,931573,513860,513980,"['513980', '513020', '513860', '513150', '513560']",0.0030029643018301133,0.0,0.0030029643018301133,0.032961098277717316,0.865904918993439,0.0,0.0004811970585710812,-0.0004811970585710812
2026-04-17,2026-04-17T14:00:00+08:00,2026-04-17T14:05:00+08:00,HSTECH,513380,513180,"['513130', '513180', '513010', '513260', '513380']",0.0034363817728590984,0.0,0.0034363817728590984,0.03498878700788849,0.8263608182240516,0.0015527750543822272,0.0,0.0015527750543822272
2026-04-23,2026-04-23T10:30:00+08:00,2026-04-23T10:35:00+08:00,931239,520600,520720,"['520600', '520720']",0.0031176527867284864,0.0,0.0031176527867284864,0.01585344340708894,0.8812866245184646,-0.0031512824702868425,-0.004669200706795107,0.0015179182365082644
2026-04-24,2026-04-24T10:30:00+08:00,2026-04-24T10:35:00+08:00,931637,513040,513770,"['513040', '513770', '520650']",0.002695436555008035,0.0,0.002695436555008035,0.03146905471103095,0.8258414457361911,0.009569325796625616,0.007113540954466924,0.0024557848421586925
2026-04-24,2026-04-24T13:30:00+08:00,2026-04-24T13:35:00+08:00,N225,513520,513880,"['513520', '513880', '513000']",0.002476412030749886,0.0,0.002476412030749886,0.041752749652732624,0.7662782614982533,0.0016033680860365607,5.88978724125333e-08,0.0016033091881641481
2026-04-27,2026-04-27T14:00:00+08:00,2026-04-27T14:05:00+08:00,HSTECH,513130,513260,"['513130', '513180', '513010', '513260', '513380']",0.0032257648958256002,-0.0008236635352133481,0.004049428431038948,0.0007602538308366102,0.877645500015771,0.0,0.0,0.0
2026-04-28,2026-04-28T14:00:00+08:00,2026-04-28T14:05:00+08:00,N225,513000,513880,"['513520', '513880', '513000']",0.002455734768934903,-0.0015889941539461994,0.004044728922881102,0.0021801701627363057,0.7271660968766508,0.0021220518467448546,0.0049030391236920545,-0.0027809872769472
2026-04-30,2026-04-30T10:00:00+08:00,2026-04-30T10:05:00+08:00,931250,520970,513780,"['513780', '520700', '520970']",0.002344705615589193,-0.0006316661754209862,0.0029763717910101795,0.006552834752253989,0.9122646867872438,0.004424759422544833,0.004309152100021474,0.00011560732252335892
2026-05-07,2026-05-07T10:30:00+08:00,2026-05-07T10:35:00+08:00,HSTECH,513180,513130,"['513130', '513180', '513010', '513260', '513380']",0.0030863800075719983,0.0,0.0030863800075719983,0.030963409105776607,0.8487839138430222,0.0015673779113785091,-0.0016495157591083776,0.0032168936704868867
2026-05-07,2026-05-07T10:30:00+08:00,2026-05-07T10:35:00+08:00,931573,513860,513980,"['513980', '513020', '513860', '513150', '513560']",0.0030074799793382567,0.0,0.0030074799793382567,0.03281018011078046,0.865904918993439,-0.0014992310822049548,-0.000877795405507753,-0.0006214356766972018
2026-05-07,2026-05-07T13:30:00+08:00,2026-05-07T13:35:00+08:00,N225,513000,513520,"['513520', '513880', '513000']",0.0027472719412773294,-0.0013730073498393613,0.004120279291116691,0.002773335863544113,0.7705098530674507,-0.0022904783508730375,-0.004255395111337379,0.0019649167604643414
2026-05-12,2026-05-12T13:30:00+08:00,2026-05-12T13:35:00+08:00,931637,513770,520650,"['513040', '513770', '520650']",0.004716990747011485,0.0,0.004716990747011485,0.026245287550428154,0.8088986901819207,-0.001385023713897704,-0.0036768739185202293,0.0022918502046225253
2026-05-12,2026-05-12T13:30:00+08:00,2026-05-12T13:35:00+08:00,HSTECH,513010,513380,"['513130', '513180', '513010', '513260', '513380']",0.0030074799793382567,0.0,0.0030074799793382567,0.04797022553273922,0.8307562602508719,-0.003413026909868555,-0.0019948644857116227,-0.0014181624241569324
2026-05-13,2026-05-13T13:30:00+08:00,2026-05-13T13:35:00+08:00,931637,513040,513770,"['513040', '513770', '520650']",0.002650195284198409,0.0,0.002650195284198409,0.032688689788049285,0.8258414457361911,-0.0047058917576876524,-0.006282862435997849,0.0015769706783101967
2026-05-15,2026-05-15T10:00:00+08:00,2026-05-15T10:05:00+08:00,931250,520970,520700,"['513780', '520700', '520970']",0.003745344549821228,0.0013917704943327003,0.0023535740554885276,0.0400953537112263,0.9267084223805983,-0.009756055416787257,-0.008396352803818785,-0.001359702612968472
2026-05-15,2026-05-15T14:00:00+08:00,2026-05-15T14:05:00+08:00,NDX,513100,513300,"['513100', '513300', '513110', '513390', '513870']",0.0023958383789273174,-0.0019630452128506226,0.00435888359177794,0.00024115986860712146,0.6544647509967851,0.0007865094272845319,-3.872204198557272e-05,0.0008252314692701046
2026-05-20,2026-05-20T10:30:00+08:00,2026-05-20T10:35:00+08:00,HSTECH,513010,513180,"['513130', '513180', '513010', '513260', '513380']",0.003149659662166515,-0.0016207247190804797,0.004770384381246995,0.0005378597236508909,0.854869487048799,0.0,-0.00162931290055085,0.00162931290055085
2026-05-20,2026-05-20T14:00:00+08:00,2026-05-20T14:05:00+08:00,931573,513150,513980,"['513980', '513020', '513860', '513150', '513560']",0.002008066136261144,-0.001589804630380609,0.003597870766641753,0.0004802642959746972,0.8870302599697719,0.0015949709268114898,0.000502001573059907,0.0010929693537515828
2026-05-20,2026-05-20T14:00:00+08:00,2026-05-20T14:05:00+08:00,931637,513040,520650,"['513040', '513770', '520650']",0.002806380696704247,0.0,0.002806380696704247,0.006264572551237579,0.8878653741191584,0.0014619694489603763,0.0,0.0014619694489603763
2026-05-20,2026-05-20T14:00:00+08:00,2026-05-20T14:05:00+08:00,N225,513520,513880,"['513520', '513880', '513000']",0.0029717889068643366,0.0,0.0029717889068643366,0.026998766582814637,0.7662782614982533,0.002672365095673923,0.002469621406710698,0.00020274368896322503
2026-05-21,2026-05-21T14:00:00+08:00,2026-05-21T14:05:00+08:00,HSSCPB,520690,520880,"['520880', '520690']",0.004132178141696308,0.0,0.004132178141696308,0.013357968464302539,0.8681019665293025,-0.0022221936708607393,-0.0013717245038873394,-0.0008504691669733999
2026-05-22,2026-05-22T10:00:00+08:00,2026-05-22T10:05:00+08:00,931637,513040,513770,"['513040', '513770', '520650']",0.0028901936576752885,0.0,0.0028901936576752885,0.026704809512556327,0.8258414457361911,-0.002577363139751432,-0.000481718083808258,-0.002095645055943174
2026-05-22,2026-05-22T13:30:00+08:00,2026-05-22T13:35:00+08:00,931573,513980,513020,"['513980', '513020', '513860', '513150', '513560']",0.003149659662166515,0.0,0.003149659662166515,0.01122555380302348,0.8931551384575568,0.0020407900121106604,0.0030723642057597367,-0.0010315741936490763
2026-05-22,2026-05-22T14:00:00+08:00,2026-05-22T14:05:00+08:00,931573,513980,513860,"['513980', '513020', '513860', '513150', '513560']",0.003139676882952358,-0.0015823523481258706,0.004722029231078229,0.0005443269864577327,0.865904918993439,-0.0015823523481258706,0.0,-0.0015823523481258706
2026-05-22,2026-05-22T14:00:00+08:00,2026-05-22T14:05:00+08:00,931637,513770,520650,"['513040', '513770', '520650']",0.005128215708911643,0.0,0.005128215708911643,0.01991901338704305,0.8088986901819207,-0.0014948380954383778,-0.001278794016638829,-0.0002160440787995488
2026-05-25,2026-05-25T10:00:00+08:00,2026-05-25T10:05:00+08:00,931573,513560,513980,"['513980', '513020', '513860', '513560']",0.002561930803639534,-0.0015797584514770646,0.0041416892551165985,2.1701388803030408e-05,0.8955279986279852,0.0,-0.0010224817387638474,0.0010224817387638474
2026-05-25,2026-05-25T10:30:00+08:00,2026-05-25T10:35:00+08:00,NDX,513870,513300,"['513100', '513300', '513110', '513390', '513870']",0.002962865807669024,-0.0003780444340123479,0.003340910241681372,0.002677881897223122,0.7192707437612429,0.0045385193881912755,0.005193675632335637,-0.0006551562441443615
2026-05-25,2026-05-25T13:30:00+08:00,2026-05-25T13:35:00+08:00,NDX,513300,513110,"['513100', '513300', '513110', '513390', '513870']",0.0026365233739560345,0.0,0.0026365233739560345,0.03809086844426779,0.6955044115155107,0.0020425304470659267,0.0017421175113414566,0.00030041293572447003
2026-05-25,2026-05-25T14:00:00+08:00,2026-05-25T14:05:00+08:00,931573,513860,513560,"['513980', '513020', '513860', '513150', '513560']",0.0031898467903894723,-0.0008546389379735508,0.004044485728363023,0.007035375180878822,0.9068930781737812,0.002564120590491603,0.0,0.002564120590491603
2026-05-26,2026-05-26T10:00:00+08:00,2026-05-26T10:05:00+08:00,931573,513150,513020,"['513980', '513020', '513860', '513150', '513560']",0.008990952360707016,0.005102035851341613,0.0038889165093654032,0.049805803691310435,0.9290334894761685,0.0030333279152772175,0.0004926338641063621,0.0025406940511708553
2026-05-27,2026-05-27T10:00:00+08:00,2026-05-27T10:05:00+08:00,NDX,513870,513300,"['513100', '513300', '513110', '513390', '513870']",0.0028804810950544546,-0.0007391328136818753,0.00361961390873633,0.0007060175995891593,0.7192707437612429,0.0,0.0002050360770630144,-0.0002050360770630144
2026-05-28,2026-05-28T10:30:00+08:00,2026-05-28T10:35:00+08:00,N225,513520,513880,"['513520', '513880', '513000']",0.002282115233108284,-0.0009741135253363842,0.003256228758444668,0.004355952450246003,0.7662782614982533,-0.0019521466340568505,-0.0038648829248446037,0.0019127362907877532
2026-05-28,2026-05-28T13:30:00+08:00,2026-05-28T13:35:00+08:00,HSSCPB,520690,520880,"['520880', '520690']",0.0029411385731716866,0.0,0.0029411385731716866,0.04224593141395239,0.8681019665293025,0.0,-0.0014619694489602653,0.0014619694489602653
2026-05-28,2026-05-28T14:00:00+08:00,2026-05-28T14:05:00+08:00,931637,520650,513770,"['513040', '513770', '520650']",0.004784722653967677,0.0,0.004784722653967677,0.022722434182639972,0.8088986901819207,0.0,0.001805803488938884,-0.001805803488938884
2026-05-29,2026-05-29T10:00:00+08:00,2026-05-29T10:05:00+08:00,NDX,513300,513100,"['513100', '513300', '513110', '513390', '513870']",0.005510692705853915,0.0004446098214883065,0.005066082884365608,0.02786870956753862,0.6544647509967851,0.0022261246249764,0.0011410317583909757,0.0010850928665854243
2026-05-29,2026-05-29T10:30:00+08:00,2026-05-29T10:35:00+08:00,931637,513040,520650,"['513040', '513770', '520650']",0.0030426176232074553,0.0,0.0030426176232074553,0.0045288860078563364,0.8878653741191584,0.0,0.00101318838836284,-0.00101318838836284
2026-05-29,2026-05-29T10:30:00+08:00,2026-05-29T10:35:00+08:00,931573,513980,513860,"['513980', '513020', '513860', '513150', '513560']",0.0031846722674782058,0.0,0.0031846722674782058,0.0228480352037414,0.865904918993439,-0.003189751727156298,-0.0032432428558535897,5.349112869729167e-05
2026-06-01,2026-06-01T10:00:00+08:00,2026-06-01T10:05:00+08:00,NDX,513300,513870,"['513300', '513110', '513390', '513870']",0.003921539294908349,-0.0004605838410847163,0.004382123135993066,0.0006389116881709844,0.7192707437612429,-0.0032243065270023408,-0.003940106399688004,0.0007157998726856629
2026-06-01,2026-06-01T10:00:00+08:00,2026-06-01T10:05:00+08:00,N225,513880,513520,"['513520', '513880', '513000']",0.005570958802399328,-0.000872260564786842,0.00644321936718617,0.0009562073940435623,0.7662782614982533,0.0026166777176572786,0.0004450689034702915,0.002171608814186987
2026-06-02,2026-06-02T14:00:00+08:00,2026-06-02T14:05:00+08:00,931637,513040,520650,"['513040', '513770', '520650']",0.004633915893702767,0.001459835214476124,0.003174080679226643,0.021564730678976296,0.8878653741191584,0.0029155012915786926,0.0009234042300256817,0.001992097061553011
2026-06-03,2026-06-03T10:30:00+08:00,2026-06-03T10:35:00+08:00,931722,520990,520900,"['520990', '520660', '520900']",0.0028680888813519267,0.0,0.0028680888813519267,0.015714196089088306,0.8179905392510214,-0.00187802192734432,-0.0009519331305236078,-0.0009260887968207121
2026-06-04,2026-06-04T10:00:00+08:00,2026-06-04T10:05:00+08:00,931573,513980,513020,"['513980', '513020', '513860', '513150', '513560']",0.0031447074306845124,-0.0010111695726793268,0.004155877003363839,0.0004159743858457854,0.8931551384575568,-0.0020222788777717327,-0.0027469881934447105,0.0007247093156729778
2026-06-05,2026-06-05T10:00:00+08:00,2026-06-05T10:05:00+08:00,931573,513560,513020,"['513980', '513020', '513860', '513150', '513560']",0.004258939630345626,0.0020470565554737696,0.0022118830748718565,0.028751101561001746,0.9252861123852076,-0.002049214992790982,-0.0030828050508152627,0.0010335900580242807
2026-06-05,2026-06-05T10:30:00+08:00,2026-06-05T10:35:00+08:00,N225,513520,513880,"['513520', '513880', '513000']",0.0030224393473836653,0.0,0.0030224393473836653,0.025818096234649923,0.7662782614982533,-0.002287334946130648,-0.0030036951561895897,0.0007163602100589417
2026-06-08,2026-06-08T10:30:00+08:00,2026-06-08T10:35:00+08:00,931637,520650,513770,"['513040', '513770', '520650']",0.00475439154471724,0.0,0.00475439154471724,0.023203932560281026,0.8088986901819207,0.005405416290110265,0.0056846750020637105,-0.0002792587119534451
2026-06-08,2026-06-08T14:00:00+08:00,2026-06-08T14:05:00+08:00,931573,513560,513860,"['513980', '513020', '513860', '513150', '513560']",0.003581081261355923,0.0016778307030118622,0.0019032505583440607,0.044357783693225794,0.9068930781737812,0.0016750203025199806,-0.0009802323153028092,0.0026552526178227898
2026-06-09,2026-06-09T10:00:00+08:00,2026-06-09T10:05:00+08:00,N225,513520,513880,"['513520', '513880', '513000']",0.0026189621350483083,-0.00047468717888599077,0.003093649313934299,0.010296973942468701,0.7662782614982533,-0.0023685998561582267,-0.0021635780755803746,-0.00020502178057785203
2026-06-09,2026-06-09T10:30:00+08:00,2026-06-09T10:35:00+08:00,931573,513150,513980,"['513980', '513020', '513860', '513150', '513560']",0.0031250219248861733,0.0,0.0031250219248861733,0.007653549258498593,0.8870302599697719,0.0066335127765968505,0.0047160545460397385,0.001917458230557112
2026-06-09,2026-06-09T14:00:00+08:00,2026-06-09T14:05:00+08:00,931250,513780,520700,"['513780', '520700', '520970']",0.0023847543260511195,0.0008243425160843199,0.0015604118099667996,0.04330967338301567,0.9572687897476824,0.00164742526588868,0.0019268520479704954,-0.00027942678208181526
2026-06-11,2026-06-11T13:30:00+08:00,2026-06-11T13:35:00+08:00,931637,513040,520650,"['513040', '513770', '520650']",0.0020725739997862203,-0.0016155843320481145,0.0036881583318343347,0.00021952742856751195,0.8878653741191584,-0.004846560412483436,-0.004825224004395501,-2.1336408087935244e-05
2026-06-11,2026-06-11T13:30:00+08:00,2026-06-11T13:35:00+08:00,HSSCPB,520690,520880,"['520880', '520690']",0.004862270761206489,0.0,0.004862270761206489,0.006451876505224496,0.8681019665293025,0.002624638040637395,0.001612882447912689,0.0010117555927247057
2026-06-12,2026-06-12T10:00:00+08:00,2026-06-12T10:05:00+08:00,HSSCT,520980,513160,"['520980', '513160']",0.003344438491363233,0.0010131581935068912,0.002331280297856342,0.010077537533559111,0.9348795368016751,-0.007084989529068442,-0.008888840910827867,0.0018038513817594248
2026-06-12,2026-06-12T10:00:00+08:00,2026-06-12T10:05:00+08:00,931573,513560,513980,"['513980', '513020', '513860', '513150', '513560']",0.00446029884204302,0.0016611081869850608,0.0027991906550579593,0.027305182531929817,0.8955279986279852,-0.0033167069648770697,-0.004734543597831042,0.0014178366329539727
2026-06-12,2026-06-12T14:00:00+08:00,2026-06-12T14:05:00+08:00,HSSCPB,520690,520880,"['520880', '520690']",0.0031201777538905073,0.0,0.0031201777538905073,0.035653063632649584,0.8681019665293025,0.0,0.0,0.0
2026-06-15,2026-06-15T10:30:00+08:00,2026-06-15T10:35:00+08:00,N225,513520,513880,"['513520', '513880', '513000']",0.0024967970256315475,0.0,0.0024967970256315475,0.04101250625768965,0.7662782614982533,0.00045041779633581136,0.00020758945051690958,0.00024282834581890178
2026-06-15,2026-06-15T14:00:00+08:00,2026-06-15T14:05:00+08:00,HSTECH,513180,513260,"['513130', '513180', '513010', '513260', '513380']",0.0033332902855360835,0.0,0.0033332902855360835,0.007862439815762623,0.8911395236042204,0.0008658413461588577,0.0008064412239563445,5.940012220251312e-05
2026-06-15,2026-06-15T14:00:00+08:00,2026-06-15T14:05:00+08:00,931637,513040,520650,"['513040', '513770', '520650']",0.004119472751193731,0.0016025434371227387,0.0025169293140709925,0.04380868061512394,0.8878653741191584,-0.0015999794006347212,-0.00084530713348685,-0.0007546722671478712
2026-06-16,2026-06-16T10:30:00+08:00,2026-06-16T10:35:00+08:00,N225,513520,513880,"['513520', '513880', '513000']",0.007790100144605461,0.0013357172359962366,0.006454382908609224,0.016624341846203816,0.7662782614982533,-0.0004442148169472304,0.0004027571217639081,-0.0008469719387111385
2026-06-18,2026-06-18T10:30:00+08:00,2026-06-18T10:35:00+08:00,HSTECH,513380,513010,"['513130', '513180', '513010', '513260', '513380']",0.0038022322505080197,0.0,0.0038022322505080197,0.02377438622072181,0.8307562602508719,0.0,0.0004253410154484438,-0.0004253410154484438
