loss_threshold,trade_date,actualTailRate,predictedTailRate,conditionalBrier,staticBrier
0.0020,2026-05-21,0.05571565802113353,0.06592386437252824,0.04455210398589198,0.04467343573903265
0.0020,2026-05-22,0.038159958180867745,0.06561796403536532,0.035347602064407554,0.03631220498534365
0.0020,2026-05-25,0.02137643378519291,0.04089585995188252,0.019239598412867893,0.024507055937144345
0.0020,2026-05-26,0.048597194388777555,0.06125647455619126,0.041036070699984384,0.04106696357781626
0.0020,2026-05-27,0.05085599194360524,0.058687504778761536,0.04339274523718267,0.04436023890615251
0.0020,2026-05-28,0.0551061678463094,0.060056865609099196,0.04606495969928425,0.04622269497051482
0.0020,2026-05-29,0.04580545548121462,0.06849239190713914,0.041444320302640135,0.041505348793008594
0.0020,2026-06-01,0.053266331658291456,0.07078214417826513,0.043937084356098034,0.04598874294676099
0.0020,2026-06-02,0.048514851485148516,0.07712026883369479,0.04331432930825621,0.042713787918731455
0.0020,2026-06-03,0.05239960822722821,0.06235514554490124,0.04422438307270898,0.04578902357140664
0.0020,2026-06-04,0.04786485218207415,0.055699915249018975,0.03942550585358232,0.04009521775435227
0.0020,2026-06-05,0.050281954887218046,0.0567128950000476,0.04161129289005821,0.04263620443274328
0.0020,2026-06-08,0.05986590038314176,0.057669562293763396,0.04808715641000493,0.04919916296779113
0.0020,2026-06-09,0.05965241897604509,0.07389452208219079,0.05099570030241909,0.049731161153932876
0.0020,2026-06-10,0.06550424128180961,0.09923916192355461,0.05728565702534904,0.05262954726750711
0.0020,2026-06-11,0.06907593778591034,0.07834939713997645,0.05586131406867529,0.056161760196080074
0.0020,2026-06-12,0.05173255246461689,0.079495738138745,0.04601494383669394,0.045818756451908596
0.0020,2026-06-15,0.03967855349070819,0.06501118778164083,0.03580975431040432,0.03855614211222448
0.0020,2026-06-16,0.04774260508562533,0.058695601937844295,0.04022181966163307,0.04287591935130176
0.0020,2026-06-17,0.049073610415623435,0.04892586122446951,0.04038013577106286,0.042697142684567334
0.0020,2026-06-18,0.04742478327383988,0.058674905189566556,0.04003389164761505,0.044029332167415475
0.0030,2026-05-21,0.03506243996157541,0.035146226745669265,0.028918454312963155,0.028556257654776304
0.0030,2026-05-22,0.020909566126502875,0.033343355577564085,0.020459222415439734,0.02128525171961363
0.0030,2026-05-25,0.0072992700729927005,0.016490760061889913,0.006685638765257139,0.008665071369664644
0.0030,2026-05-26,0.028557114228456915,0.0306294215575536,0.02590683417140956,0.025925761028793265
0.0030,2026-05-27,0.026183282980866064,0.027294978607572094,0.023670039252544465,0.024487488162132205
0.0030,2026-05-28,0.037917087967644085,0.028527015099733693,0.03332759053867255,0.03312960518623466
0.0030,2026-05-29,0.02573340195573855,0.03618072431807746,0.025420262418169963,0.025568602617139155
0.0030,2026-06-01,0.035678391959798994,0.03920766132841068,0.03050381257571083,0.03257784363142157
0.0030,2026-06-02,0.030198019801980197,0.04521635370768845,0.029185243039895302,0.028319885044618548
0.0030,2026-06-03,0.023506366307541625,0.031602405053406356,0.02230160169612443,0.023462945746299108
0.0030,2026-06-04,0.023932426091037073,0.026433667171742812,0.021228729578339312,0.021317015633423864
0.0030,2026-06-05,0.027725563909774435,0.02735000379726147,0.025013855938099683,0.025859244232911173
0.0030,2026-06-08,0.032088122605363985,0.026860023936537424,0.027925541802351225,0.0285083639166198
0.0030,2026-06-09,0.035227806481916396,0.043496358005180036,0.03326097718152767,0.032081006732496954
0.0030,2026-06-10,0.041941564561734215,0.06763784304274506,0.03943494457136402,0.036675231864262046
0.0030,2026-06-11,0.036139066788655076,0.046426044577828174,0.033067529997971565,0.032949439218758966
0.0030,2026-06-12,0.027330405075646658,0.044930024279713564,0.02603910175503942,0.026111016224684393
0.0030,2026-06-15,0.014063284781516826,0.0329004855128934,0.015340089412796224,0.01683581526964732
0.0030,2026-06-16,0.019200830306175403,0.027268980949067836,0.019049622159707978,0.02062416942457219
0.0030,2026-06-17,0.01702553830746119,0.02098851489125886,0.01590277103960294,0.01830290384712008
0.0030,2026-06-18,0.026007139214686385,0.029458676494828213,0.023744675322053575,0.026104479297673393
0.0050,2026-05-21,0.008645533141210375,0.011278474400715242,0.006724392569524946,0.006719283675557284
0.0050,2026-05-22,0.004704652378463147,0.009604585724726923,0.004903337457360919,0.005515077803236891
0.0050,2026-05-25,0.0,0.003989321753617399,0.00020953477927454769,0.0012539063012122834
0.0050,2026-05-26,0.00751503006012024,0.0071469079134222286,0.007236636741192763,0.007546476357659285
0.0050,2026-05-27,0.004028197381671702,0.005290722890545161,0.003832214309494258,0.00419154715933158
0.0050,2026-05-28,0.01314459049544995,0.0065258079469526446,0.012231918169585684,0.012493790588358328
0.0050,2026-05-29,0.008234688625836336,0.009640769935755796,0.007904323383564317,0.008902904030662224
0.0050,2026-06-01,0.009547738693467337,0.012268559308603353,0.008444114638362057,0.00945069650322685
0.0050,2026-06-02,0.006435643564356435,0.01391632872728522,0.00669499666078275,0.006954457654083271
0.0050,2026-06-03,0.0053868756121449556,0.006964438836451509,0.005320502168598771,0.00631031075772274
0.0050,2026-06-04,0.005161895823557016,0.005842231591690213,0.0049340180415067105,0.00523603014133048
0.0050,2026-06-05,0.007048872180451127,0.005984889594841362,0.006731740887333193,0.007278531001656361
0.0050,2026-06-08,0.007662835249042145,0.005902164147461469,0.006800348360846153,0.007181841726577652
0.0050,2026-06-09,0.012212306247064349,0.01514004328136777,0.012633586646357144,0.012242108015816277
0.0050,2026-06-10,0.01649387370405278,0.03293892997442249,0.01767594506580779,0.015181700132212993
0.0050,2026-06-11,0.010978956999085087,0.016639541091821537,0.011803535485765463,0.011311257213334584
0.0050,2026-06-12,0.008296730112249878,0.01545346968646843,0.008402146676127988,0.008672360893689819
0.0050,2026-06-15,0.0030135610246107484,0.009313237340607313,0.003600677451692955,0.004309872806210372
0.0050,2026-06-16,0.005189413596263622,0.005865264165073428,0.005380563015543871,0.006302811833961736
0.0050,2026-06-17,0.0025037556334501754,0.004407761046494376,0.002530267364564835,0.00362819598056251
0.0050,2026-06-18,0.0071392146863844975,0.008362980481497407,0.007090484797010942,0.00809800493859825
0.0100,2026-05-21,0.0004803073967339097,0.001463189774905285,0.0004894602184715681,0.0004930842934651524
0.0100,2026-05-22,0.0005227391531625719,0.0009499365206316814,0.0005473031627521607,0.000583806917467721
0.0100,2026-05-25,0.0,0.0002423137397641598,4.4202537663459296e-07,5.8492943094801196e-05
0.0100,2026-05-26,0.0,0.00039408452655390015,2.019819619811155e-06,5.620714533565216e-05
0.0100,2026-05-27,0.0,0.00024561282188407954,4.564421578442243e-07,5.4232055761522e-05
0.0100,2026-05-28,0.0010111223458038423,0.00039408856205880646,0.0010031973553820193,0.0010284247030255174
0.0100,2026-05-29,0.001029336078229542,0.0004259210629852924,0.001029747677270207,0.0010847166777928337
0.0100,2026-06-01,0.003015075376884422,0.0012947521713773716,0.0029700819793623302,0.003017196366339176
0.0100,2026-06-02,0.0004950495049504951,0.0008527221256119601,0.0005088218816362336,0.0005550728589639444
0.0100,2026-06-03,0.0,0.00028696479159528597,1.1288535464400367e-06,5.4940972371697124e-05
0.0100,2026-06-04,0.0,0.0002805645311582298,6.028192713897423e-07,5.482063341305662e-05
0.0100,2026-06-05,0.0,0.00026045309280049587,5.282540639952188e-07,5.700534257325047e-05
0.0100,2026-06-08,0.0,0.00038424313479405964,2.245247930017965e-06,5.809739894334161e-05
0.0100,2026-06-09,0.0037576326914044154,0.0024112327485929074,0.003980252344809176,0.0037391738548195235
0.0100,2026-06-10,0.001885014137606032,0.011063903496895466,0.0037976644998975882,0.0018791321569978756
0.0100,2026-06-11,0.0009149130832570906,0.003059893452111848,0.0012930243826888802,0.0009661889764904708
0.0100,2026-06-12,0.0014641288433382138,0.003020910450832893,0.0014640000676551274,0.001466256352930489
0.0100,2026-06-15,0.0,0.0013004451903548037,7.709780492209417e-05,6.092786077619596e-05
0.0100,2026-06-16,0.0,0.00038496325825655074,2.875288098562264e-06,6.062416604758356e-05
0.0100,2026-06-17,0.000500751126690035,0.0004342015298344699,0.0004754027134586288,0.0005419752963609377
0.0100,2026-06-18,0.0005099439061703213,0.0005299128625102526,0.0005086179049480791,0.0005509751556105524
